--Week 4 HW

CREATE DATABASE NBA
  WITH OWNER = postgres
       ENCODING = 'UTF8'
       TABLESPACE = pg_default;
       
GRANT ALL ON DATABASE NBA TO postgres;

CREATE TABLE nba_personnel
(
  employee_id integer NOT NULL,
  employee_name character(100),
  team_id integer NOT NULL,
  position_id character(2),
  reports_to integer,
  CONSTRAINT employee_pk PRIMARY KEY (employee_id)
);

CREATE TABLE team
(
  team_id integer NOT NULL,
  team_name character(100),
  CONSTRAINT team_pk PRIMARY KEY (team_id)
);


CREATE TABLE positions
(
  position_id character(10) NOT NULL,
  position_name character(100),
  CONSTRAINT position_pk PRIMARY KEY (position_id)
);


INSERT INTO team (team_id, team_name) VALUES ('0', 'Not Applicable');
INSERT INTO team (team_id, team_name) VALUES ('1', 'Hawks');
INSERT INTO team (team_id, team_name) VALUES ('2', 'Celtics');
INSERT INTO team (team_id, team_name) VALUES ('3', 'Nets');
INSERT INTO team (team_id, team_name) VALUES ('4', 'Hornets');
INSERT INTO team (team_id, team_name) VALUES ('5', 'Bulls');
INSERT INTO team (team_id, team_name) VALUES ('6', 'Cavaliers');
INSERT INTO team (team_id, team_name) VALUES ('7', 'Pistons');
INSERT INTO team (team_id, team_name) VALUES ('8', 'Pacers');
INSERT INTO team (team_id, team_name) VALUES ('9', 'Heat');
INSERT INTO team (team_id, team_name) VALUES ('10', 'Bucks');
INSERT INTO team (team_id, team_name) VALUES ('11', 'Knicks');
INSERT INTO team (team_id, team_name) VALUES ('12', 'Magic');
INSERT INTO team (team_id, team_name) VALUES ('13', '76ers');
INSERT INTO team (team_id, team_name) VALUES ('14', 'Raptors');
INSERT INTO team (team_id, team_name) VALUES ('15', 'Wizards');
INSERT INTO team (team_id, team_name) VALUES ('16', 'Mavericks');
INSERT INTO team (team_id, team_name) VALUES ('17', 'Nuggets');
INSERT INTO team (team_id, team_name) VALUES ('18', 'Warriors');
INSERT INTO team (team_id, team_name) VALUES ('19', 'Rockets');
INSERT INTO team (team_id, team_name) VALUES ('20', 'Clippers');
INSERT INTO team (team_id, team_name) VALUES ('21', 'Lakers');
INSERT INTO team (team_id, team_name) VALUES ('22', 'Grizzlies');
INSERT INTO team (team_id, team_name) VALUES ('23', 'Timberwolves');
INSERT INTO team (team_id, team_name) VALUES ('24', 'Pelicans');
INSERT INTO team (team_id, team_name) VALUES ('25', 'Thunder');
INSERT INTO team (team_id, team_name) VALUES ('26', 'Suns');
INSERT INTO team (team_id, team_name) VALUES ('27', 'Trail Blazers');
INSERT INTO team (team_id, team_name) VALUES ('28', 'Kings');
INSERT INTO team (team_id, team_name) VALUES ('29', 'Spurs');
INSERT INTO team (team_id, team_name) VALUES ('30', 'Jazz');

INSERT INTO positions(position_id, position_name) VALUES ('c', 'center');
INSERT INTO positions(position_id, position_name) VALUES ('pf', 'power foward');
INSERT INTO positions(position_id, position_name) VALUES ('sf', 'small forward');
INSERT INTO positions(position_id, position_name) VALUES ('pg', 'point guard');
INSERT INTO positions(position_id, position_name) VALUES ('sg', 'shooting guard');
INSERT INTO positions(position_id, position_name) VALUES ('ch', 'coach');
INSERT INTO positions(position_id, position_name) VALUES ('cm', 'commissioner');

INSERT INTO nba_personnel (employee_id, employee_name, team_id, position_id, reports_to) VALUES ('1', 'Adam Silver', '0', 'cm', null);
INSERT INTO nba_personnel (employee_id, employee_name, team_id, position_id, reports_to) VALUES ('2', ' Mike Budenholzer', '1', 'ch', '1');
INSERT INTO nba_personnel (employee_id, employee_name, team_id, position_id, reports_to) VALUES ('3', ' Brad Stevens', '2', 'ch', '1');
INSERT INTO nba_personnel (employee_id, employee_name, team_id, position_id, reports_to) VALUES ('4', ' Lionel Hollins', '3', 'ch', '1');
INSERT INTO nba_personnel (employee_id, employee_name, team_id, position_id, reports_to) VALUES ('5', ' Steve Clifford', '4', 'ch', '1');
INSERT INTO nba_personnel (employee_id, employee_name, team_id, position_id, reports_to) VALUES ('6', ' Tom Thibodeau', '5', 'ch', '1');
INSERT INTO nba_personnel (employee_id, employee_name, team_id, position_id, reports_to) VALUES ('7', ' David Blatt', '6', 'ch', '1');
INSERT INTO nba_personnel (employee_id, employee_name, team_id, position_id, reports_to) VALUES ('8', ' Stan Van Gundy', '7', 'ch', '1');
INSERT INTO nba_personnel (employee_id, employee_name, team_id, position_id, reports_to) VALUES ('9', ' Frank Vogel', '8', 'ch', '1');
INSERT INTO nba_personnel (employee_id, employee_name, team_id, position_id, reports_to) VALUES ('10', ' Erik Spoelstra', '9', 'ch', '1');
INSERT INTO nba_personnel (employee_id, employee_name, team_id, position_id, reports_to) VALUES ('11', ' Jason Kidd', '10', 'ch', '1');
INSERT INTO nba_personnel (employee_id, employee_name, team_id, position_id, reports_to) VALUES ('12', ' Derek Fisher', '11', 'ch', '1');
INSERT INTO nba_personnel (employee_id, employee_name, team_id, position_id, reports_to) VALUES ('13', ' James Borrego (interim)', '12', 'ch', '1');
INSERT INTO nba_personnel (employee_id, employee_name, team_id, position_id, reports_to) VALUES ('14', ' Brett Brown', '13', 'ch', '1');
INSERT INTO nba_personnel (employee_id, employee_name, team_id, position_id, reports_to) VALUES ('15', ' Dwane Casey', '14', 'ch', '1');
INSERT INTO nba_personnel (employee_id, employee_name, team_id, position_id, reports_to) VALUES ('16', ' Randy Wittman ', '15', 'ch', '1');
INSERT INTO nba_personnel (employee_id, employee_name, team_id, position_id, reports_to) VALUES ('17', ' Rick Carlisle', '16', 'ch', '1');
INSERT INTO nba_personnel (employee_id, employee_name, team_id, position_id, reports_to) VALUES ('18', ' Brian Shaw', '17', 'ch', '1');
INSERT INTO nba_personnel (employee_id, employee_name, team_id, position_id, reports_to) VALUES ('19', ' Steve Kerr', '18', 'ch', '1');
INSERT INTO nba_personnel (employee_id, employee_name, team_id, position_id, reports_to) VALUES ('20', ' Kevin McHale', '19', 'ch', '1');
INSERT INTO nba_personnel (employee_id, employee_name, team_id, position_id, reports_to) VALUES ('21', ' Doc Rivers', '20', 'ch', '1');
INSERT INTO nba_personnel (employee_id, employee_name, team_id, position_id, reports_to) VALUES ('22', ' Byron Scott', '21', 'ch', '1');
INSERT INTO nba_personnel (employee_id, employee_name, team_id, position_id, reports_to) VALUES ('23', ' David Joerger', '22', 'ch', '1');
INSERT INTO nba_personnel (employee_id, employee_name, team_id, position_id, reports_to) VALUES ('24', ' Flip Saunders', '23', 'ch', '1');
INSERT INTO nba_personnel (employee_id, employee_name, team_id, position_id, reports_to) VALUES ('25', ' Monty Williams', '24', 'ch', '1');
INSERT INTO nba_personnel (employee_id, employee_name, team_id, position_id, reports_to) VALUES ('26', ' Scott Brooks', '25', 'ch', '1');
INSERT INTO nba_personnel (employee_id, employee_name, team_id, position_id, reports_to) VALUES ('27', ' Jeff Hornacek', '26', 'ch', '1');
INSERT INTO nba_personnel (employee_id, employee_name, team_id, position_id, reports_to) VALUES ('28', ' Terry Stotts', '27', 'ch', '1');
INSERT INTO nba_personnel (employee_id, employee_name, team_id, position_id, reports_to) VALUES ('29', ' George Karl', '28', 'ch', '1');
INSERT INTO nba_personnel (employee_id, employee_name, team_id, position_id, reports_to) VALUES ('30', ' Gregg Popovich', '29', 'ch', '1');
INSERT INTO nba_personnel (employee_id, employee_name, team_id, position_id, reports_to) VALUES ('31', ' Quin Snyder ', '30', 'ch', '1');

INSERT INTO nba_personnel (employee_id, employee_name, team_id, position_id, reports_to) VALUES ('32', ' Jeff Teague', '1', 'PG', '1');
INSERT INTO nba_personnel (employee_id, employee_name, team_id, position_id, reports_to) VALUES ('33', ' Dennis Schroder', '1', 'PG', '1');
INSERT INTO nba_personnel (employee_id, employee_name, team_id, position_id, reports_to) VALUES ('34', ' Shelvin Mack', '1', 'PG', '1');
INSERT INTO nba_personnel (employee_id, employee_name, team_id, position_id, reports_to) VALUES ('35', ' Kyle Korver', '1', 'SG', '1');
INSERT INTO nba_personnel (employee_id, employee_name, team_id, position_id, reports_to) VALUES ('36', ' Thabo Sefolosha', '1', 'SG', '1');
INSERT INTO nba_personnel (employee_id, employee_name, team_id, position_id, reports_to) VALUES ('37', ' John Jenkins', '1', 'SG', '1');
INSERT INTO nba_personnel (employee_id, employee_name, team_id, position_id, reports_to) VALUES ('38', ' DeMarre Carroll', '1', 'SF', '1');
INSERT INTO nba_personnel (employee_id, employee_name, team_id, position_id, reports_to) VALUES ('39', ' Kent Bazemore', '1', 'SF', '1');
INSERT INTO nba_personnel (employee_id, employee_name, team_id, position_id, reports_to) VALUES ('40', ' Paul Millsap', '1', 'PF', '1');
INSERT INTO nba_personnel (employee_id, employee_name, team_id, position_id, reports_to) VALUES ('41', ' Mike Scott', '1', 'PF', '1');
INSERT INTO nba_personnel (employee_id, employee_name, team_id, position_id, reports_to) VALUES ('42', ' Al Horford', '1', 'C', '1');
INSERT INTO nba_personnel (employee_id, employee_name, team_id, position_id, reports_to) VALUES ('43', ' Pero Antic', '1', 'C', '1');
INSERT INTO nba_personnel (employee_id, employee_name, team_id, position_id, reports_to) VALUES ('44', ' Elton Brand', '1', 'C', '1');
INSERT INTO nba_personnel (employee_id, employee_name, team_id, position_id, reports_to) VALUES ('45', ' Mike Muscala', '1', 'C', '1');
INSERT INTO nba_personnel (employee_id, employee_name, team_id, position_id, reports_to) VALUES ('46', ' Kemba Walker', '4', 'PG', '4');
INSERT INTO nba_personnel (employee_id, employee_name, team_id, position_id, reports_to) VALUES ('47', ' Mo Williams', '4', 'PG', '4');
INSERT INTO nba_personnel (employee_id, employee_name, team_id, position_id, reports_to) VALUES ('48', ' Brian Roberts', '4', 'PG', '4');
INSERT INTO nba_personnel (employee_id, employee_name, team_id, position_id, reports_to) VALUES ('49', ' Gerald Henderson', '4', 'SG', '4');
INSERT INTO nba_personnel (employee_id, employee_name, team_id, position_id, reports_to) VALUES ('50', ' Lance Stephenson', '4', 'SG', '4');
INSERT INTO nba_personnel (employee_id, employee_name, team_id, position_id, reports_to) VALUES ('51', 'PJ Hairston', '4', 'SG', '4');
INSERT INTO nba_personnel (employee_id, employee_name, team_id, position_id, reports_to) VALUES ('52', ' Troy Daniels', '4', 'SG', '4');
INSERT INTO nba_personnel (employee_id, employee_name, team_id, position_id, reports_to) VALUES ('53', ' Elliot Williams', '4', 'SG', '4');
INSERT INTO nba_personnel (employee_id, employee_name, team_id, position_id, reports_to) VALUES ('54', ' Michael Kidd-Gilchrist', '4', 'SF', '4');
INSERT INTO nba_personnel (employee_id, employee_name, team_id, position_id, reports_to) VALUES ('55', ' Jeff Taylor', '4', 'SF', '4');
INSERT INTO nba_personnel (employee_id, employee_name, team_id, position_id, reports_to) VALUES ('56', ' Cody Zeller', '4', 'PF', '4');
INSERT INTO nba_personnel (employee_id, employee_name, team_id, position_id, reports_to) VALUES ('57', ' Marvin Williams', '4', 'PF', '4');
INSERT INTO nba_personnel (employee_id, employee_name, team_id, position_id, reports_to) VALUES ('58', ' Noah Vonleh', '4', 'PF', '4');
INSERT INTO nba_personnel (employee_id, employee_name, team_id, position_id, reports_to) VALUES ('59', ' Al Jefferson', '4', 'C', '4');
INSERT INTO nba_personnel (employee_id, employee_name, team_id, position_id, reports_to) VALUES ('60', ' Bismack Biyombo', '4', 'C', '4');
INSERT INTO nba_personnel (employee_id, employee_name, team_id, position_id, reports_to) VALUES ('61', ' Jason Maxiell', '4', 'C', '4');
INSERT INTO nba_personnel (employee_id, employee_name, team_id, position_id, reports_to) VALUES ('62', ' Rajon Rondo', '16', 'PG', '16');
INSERT INTO nba_personnel (employee_id, employee_name, team_id, position_id, reports_to) VALUES ('63', ' Devin Harris', '16', 'PG', '16');
INSERT INTO nba_personnel (employee_id, employee_name, team_id, position_id, reports_to) VALUES ('64', ' Raymond Felton', '16', 'PG', '16');
INSERT INTO nba_personnel (employee_id, employee_name, team_id, position_id, reports_to) VALUES ('65', ' Monta Ellis', '16', 'SG', '16');
INSERT INTO nba_personnel (employee_id, employee_name, team_id, position_id, reports_to) VALUES ('66', 'JJ Barea', '16', 'SG', '16');
INSERT INTO nba_personnel (employee_id, employee_name, team_id, position_id, reports_to) VALUES ('67', ' Chandler Parsons', '16', 'SF', '16');
INSERT INTO nba_personnel (employee_id, employee_name, team_id, position_id, reports_to) VALUES ('68', ' Richard Jefferson', '16', 'SF', '16');
INSERT INTO nba_personnel (employee_id, employee_name, team_id, position_id, reports_to) VALUES ('69', ' Al-Farouq Aminu', '16', 'SF', '16');
INSERT INTO nba_personnel (employee_id, employee_name, team_id, position_id, reports_to) VALUES ('70', ' Dirk Nowitzki', '16', 'PF', '16');
INSERT INTO nba_personnel (employee_id, employee_name, team_id, position_id, reports_to) VALUES ('71', ' Amare Stoudemire', '16', 'PF', '16');
INSERT INTO nba_personnel (employee_id, employee_name, team_id, position_id, reports_to) VALUES ('72', ' Charlie Villanueva', '16', 'PF', '16');
INSERT INTO nba_personnel (employee_id, employee_name, team_id, position_id, reports_to) VALUES ('73', ' Dwight Powell', '16', 'PF', '16');
INSERT INTO nba_personnel (employee_id, employee_name, team_id, position_id, reports_to) VALUES ('74', ' Tyson Chandler', '16', 'C', '16');
INSERT INTO nba_personnel (employee_id, employee_name, team_id, position_id, reports_to) VALUES ('75', ' Greg Smith', '16', 'C', '16');
INSERT INTO nba_personnel (employee_id, employee_name, team_id, position_id, reports_to) VALUES ('76', ' Bernard James', '16', 'C', '16');
INSERT INTO nba_personnel (employee_id, employee_name, team_id, position_id, reports_to) VALUES ('77', ' Stephen Curry', '18', 'PG', '18');
INSERT INTO nba_personnel (employee_id, employee_name, team_id, position_id, reports_to) VALUES ('78', ' Shaun Livingston', '18', 'PG', '18');
INSERT INTO nba_personnel (employee_id, employee_name, team_id, position_id, reports_to) VALUES ('79', ' Klay Thompson', '18', 'SG', '18');
INSERT INTO nba_personnel (employee_id, employee_name, team_id, position_id, reports_to) VALUES ('80', ' Justin Holiday', '18', 'SG', '18');
INSERT INTO nba_personnel (employee_id, employee_name, team_id, position_id, reports_to) VALUES ('81', ' Leandro Barbosa', '18', 'SG', '18');
INSERT INTO nba_personnel (employee_id, employee_name, team_id, position_id, reports_to) VALUES ('82', ' Brandon Rush', '18', 'SG', '18');
INSERT INTO nba_personnel (employee_id, employee_name, team_id, position_id, reports_to) VALUES ('83', ' Harrison Barnes', '18', 'SF', '18');
INSERT INTO nba_personnel (employee_id, employee_name, team_id, position_id, reports_to) VALUES ('84', ' Andre Iguodala', '18', 'SF', '18');
INSERT INTO nba_personnel (employee_id, employee_name, team_id, position_id, reports_to) VALUES ('85', ' Draymond Green', '18', 'PF', '18');
INSERT INTO nba_personnel (employee_id, employee_name, team_id, position_id, reports_to) VALUES ('86', ' David Lee', '18', 'PF', '18');
INSERT INTO nba_personnel (employee_id, employee_name, team_id, position_id, reports_to) VALUES ('87', ' Marreese Speights', '18', 'PF', '18');
INSERT INTO nba_personnel (employee_id, employee_name, team_id, position_id, reports_to) VALUES ('88', ' James Michael McAdoo', '18', 'PF', '18');
INSERT INTO nba_personnel (employee_id, employee_name, team_id, position_id, reports_to) VALUES ('89', ' Andrew Bogut', '18', 'C', '18');
INSERT INTO nba_personnel (employee_id, employee_name, team_id, position_id, reports_to) VALUES ('90', ' Festus Ezeli', '18', 'C', '18');
INSERT INTO nba_personnel (employee_id, employee_name, team_id, position_id, reports_to) VALUES ('91', ' Ognjen Kuzmic', '18', 'C', '18');
INSERT INTO nba_personnel (employee_id, employee_name, team_id, position_id, reports_to) VALUES ('92', ' Chris Paul', '20', 'PG', '20');
INSERT INTO nba_personnel (employee_id, employee_name, team_id, position_id, reports_to) VALUES ('93', ' Austin Rivers', '20', 'PG', '20');
INSERT INTO nba_personnel (employee_id, employee_name, team_id, position_id, reports_to) VALUES ('94', 'JJ Redick', '20', 'SG', '20');
INSERT INTO nba_personnel (employee_id, employee_name, team_id, position_id, reports_to) VALUES ('95', ' Jamal Crawford', '20', 'SG', '20');
INSERT INTO nba_personnel (employee_id, employee_name, team_id, position_id, reports_to) VALUES ('96', 'CJ Wilcox', '20', 'SG', '20');
INSERT INTO nba_personnel (employee_id, employee_name, team_id, position_id, reports_to) VALUES ('97', ' Dahntay Jones', '20', 'SG', '20');
INSERT INTO nba_personnel (employee_id, employee_name, team_id, position_id, reports_to) VALUES ('98', ' Matt Barnes', '20', 'SF', '20');
INSERT INTO nba_personnel (employee_id, employee_name, team_id, position_id, reports_to) VALUES ('99', ' Hedo Turkoglu', '20', 'SF', '20');
INSERT INTO nba_personnel (employee_id, employee_name, team_id, position_id, reports_to) VALUES ('100', ' Blake Griffin', '20', 'PF', '20');
INSERT INTO nba_personnel (employee_id, employee_name, team_id, position_id, reports_to) VALUES ('101', ' Glen Davis', '20', 'PF', '20');
INSERT INTO nba_personnel (employee_id, employee_name, team_id, position_id, reports_to) VALUES ('102', ' DeAndre Jordan', '20', 'C', '20');
INSERT INTO nba_personnel (employee_id, employee_name, team_id, position_id, reports_to) VALUES ('103', ' Spencer Hawes', '20', 'C', '20');
INSERT INTO nba_personnel (employee_id, employee_name, team_id, position_id, reports_to) VALUES ('104', ' Ekpe Udoh', '20', 'C', '20');
INSERT INTO nba_personnel (employee_id, employee_name, team_id, position_id, reports_to) VALUES ('105', ' Goran Dragic', '9', 'PG', '9');
INSERT INTO nba_personnel (employee_id, employee_name, team_id, position_id, reports_to) VALUES ('106', ' Mario Chalmers', '9', 'PG', '9');
INSERT INTO nba_personnel (employee_id, employee_name, team_id, position_id, reports_to) VALUES ('107', ' Shabazz Napier', '9', 'PG', '9');
INSERT INTO nba_personnel (employee_id, employee_name, team_id, position_id, reports_to) VALUES ('108', ' Tyler Johnson', '9', 'PG', '9');
INSERT INTO nba_personnel (employee_id, employee_name, team_id, position_id, reports_to) VALUES ('109', ' Dwyane Wade', '9', 'SG', '9');
INSERT INTO nba_personnel (employee_id, employee_name, team_id, position_id, reports_to) VALUES ('110', ' Zoran Dragic', '9', 'SG', '9');
INSERT INTO nba_personnel (employee_id, employee_name, team_id, position_id, reports_to) VALUES ('111', ' Luol Deng', '9', 'SF', '9');
INSERT INTO nba_personnel (employee_id, employee_name, team_id, position_id, reports_to) VALUES ('112', ' James Ennis', '9', 'SF', '9');
INSERT INTO nba_personnel (employee_id, employee_name, team_id, position_id, reports_to) VALUES ('113', ' Henry Walker', '9', 'SF', '9');
INSERT INTO nba_personnel (employee_id, employee_name, team_id, position_id, reports_to) VALUES ('114', ' Chris Bosh', '9', 'PF', '9');
INSERT INTO nba_personnel (employee_id, employee_name, team_id, position_id, reports_to) VALUES ('115', ' Josh McRoberts', '9', 'PF', '9');
INSERT INTO nba_personnel (employee_id, employee_name, team_id, position_id, reports_to) VALUES ('116', ' Udonis Haslem', '9', 'PF', '9');
INSERT INTO nba_personnel (employee_id, employee_name, team_id, position_id, reports_to) VALUES ('117', ' Hassan Whiteside', '9', 'C', '9');
INSERT INTO nba_personnel (employee_id, employee_name, team_id, position_id, reports_to) VALUES ('118', ' Chris Andersen', '9', 'C', '9');
INSERT INTO nba_personnel (employee_id, employee_name, team_id, position_id, reports_to) VALUES ('119', ' Jrue Holiday', '24', 'PG', '24');
INSERT INTO nba_personnel (employee_id, employee_name, team_id, position_id, reports_to) VALUES ('120', ' Norris Cole', '24', 'PG', '24');
INSERT INTO nba_personnel (employee_id, employee_name, team_id, position_id, reports_to) VALUES ('121', ' Ishmael Smith', '24', 'PG', '24');
INSERT INTO nba_personnel (employee_id, employee_name, team_id, position_id, reports_to) VALUES ('122', ' Jimmer Fredette', '24', 'PG', '24');
INSERT INTO nba_personnel (employee_id, employee_name, team_id, position_id, reports_to) VALUES ('123', ' Eric Gordon', '24', 'SG', '24');
INSERT INTO nba_personnel (employee_id, employee_name, team_id, position_id, reports_to) VALUES ('124', ' Tyreke Evans', '24', 'SF', '24');
INSERT INTO nba_personnel (employee_id, employee_name, team_id, position_id, reports_to) VALUES ('125', ' Quincy Pondexter', '24', 'SF', '24');
INSERT INTO nba_personnel (employee_id, employee_name, team_id, position_id, reports_to) VALUES ('126', ' Luke Babbitt', '24', 'SF', '24');
INSERT INTO nba_personnel (employee_id, employee_name, team_id, position_id, reports_to) VALUES ('127', ' Anthony Davis', '24', 'PF', '24');
INSERT INTO nba_personnel (employee_id, employee_name, team_id, position_id, reports_to) VALUES ('128', ' Ryan Anderson', '24', 'PF', '24');
INSERT INTO nba_personnel (employee_id, employee_name, team_id, position_id, reports_to) VALUES ('129', ' Shawne Williams', '24', 'PF', '24');
INSERT INTO nba_personnel (employee_id, employee_name, team_id, position_id, reports_to) VALUES ('130', ' Dante Cunningham', '24', 'PF', '24');
INSERT INTO nba_personnel (employee_id, employee_name, team_id, position_id, reports_to) VALUES ('131', ' Omer Asik', '24', 'C', '24');
INSERT INTO nba_personnel (employee_id, employee_name, team_id, position_id, reports_to) VALUES ('132', ' Alexis Ajinca', '24', 'C', '24');
INSERT INTO nba_personnel (employee_id, employee_name, team_id, position_id, reports_to) VALUES ('133', ' Justin Hamilton', '24', 'C', '24');
INSERT INTO nba_personnel (employee_id, employee_name, team_id, position_id, reports_to) VALUES ('134', ' Jeff Withey', '24', 'C', '24');
INSERT INTO nba_personnel (employee_id, employee_name, team_id, position_id, reports_to) VALUES ('135', ' Elfrid Payton', '12', 'PG', '12');
INSERT INTO nba_personnel (employee_id, employee_name, team_id, position_id, reports_to) VALUES ('136', ' Luke Ridnour', '12', 'PG', '12');
INSERT INTO nba_personnel (employee_id, employee_name, team_id, position_id, reports_to) VALUES ('137', ' Victor Oladipo', '12', 'SG', '12');
INSERT INTO nba_personnel (employee_id, employee_name, team_id, position_id, reports_to) VALUES ('138', ' Evan Fournier', '12', 'SG', '12');
INSERT INTO nba_personnel (employee_id, employee_name, team_id, position_id, reports_to) VALUES ('139', ' Ben Gordon', '12', 'SG', '12');
INSERT INTO nba_personnel (employee_id, employee_name, team_id, position_id, reports_to) VALUES ('140', ' Willie Green', '12', 'SG', '12');
INSERT INTO nba_personnel (employee_id, employee_name, team_id, position_id, reports_to) VALUES ('141', ' Devyn Marble', '12', 'SG', '12');
INSERT INTO nba_personnel (employee_id, employee_name, team_id, position_id, reports_to) VALUES ('142', ' Tobias Harris', '12', 'SF', '12');
INSERT INTO nba_personnel (employee_id, employee_name, team_id, position_id, reports_to) VALUES ('143', ' Moe Harkless', '12', 'SF', '12');
INSERT INTO nba_personnel (employee_id, employee_name, team_id, position_id, reports_to) VALUES ('144', ' Aaron Gordon', '12', 'SF', '12');
INSERT INTO nba_personnel (employee_id, employee_name, team_id, position_id, reports_to) VALUES ('145', ' Channing Frye', '12', 'PF', '12');
INSERT INTO nba_personnel (employee_id, employee_name, team_id, position_id, reports_to) VALUES ('146', ' Andrew Nicholson', '12', 'PF', '12');
INSERT INTO nba_personnel (employee_id, employee_name, team_id, position_id, reports_to) VALUES ('147', ' Nikola Vucevic', '12', 'C', '12');
INSERT INTO nba_personnel (employee_id, employee_name, team_id, position_id, reports_to) VALUES ('148', ' Kyle O'Quinn', '12', 'C', '12');
INSERT INTO nba_personnel (employee_id, employee_name, team_id, position_id, reports_to) VALUES ('149', ' Dewayne Dedmon', '12', 'C', '12');
INSERT INTO nba_personnel (employee_id, employee_name, team_id, position_id, reports_to) VALUES ('150', ' Damian Lillard', '27', 'PG', '27');
INSERT INTO nba_personnel (employee_id, employee_name, team_id, position_id, reports_to) VALUES ('151', ' Steve Blake', '27', 'PG', '27');
INSERT INTO nba_personnel (employee_id, employee_name, team_id, position_id, reports_to) VALUES ('152', ' Wesley Matthews', '27', 'SG', '27');
INSERT INTO nba_personnel (employee_id, employee_name, team_id, position_id, reports_to) VALUES ('153', ' Arron Afflalo', '27', 'SG', '27');
INSERT INTO nba_personnel (employee_id, employee_name, team_id, position_id, reports_to) VALUES ('154', 'CJ McCollum', '27', 'SG', '27');
INSERT INTO nba_personnel (employee_id, employee_name, team_id, position_id, reports_to) VALUES ('155', ' Allen Crabbe', '27', 'SG', '27');
INSERT INTO nba_personnel (employee_id, employee_name, team_id, position_id, reports_to) VALUES ('156', ' Nicolas Batum', '27', 'SF', '27');
INSERT INTO nba_personnel (employee_id, employee_name, team_id, position_id, reports_to) VALUES ('157', ' Dorell Wright', '27', 'SF', '27');
INSERT INTO nba_personnel (employee_id, employee_name, team_id, position_id, reports_to) VALUES ('158', ' Alonzo Gee', '27', 'SF', '27');
INSERT INTO nba_personnel (employee_id, employee_name, team_id, position_id, reports_to) VALUES ('159', ' LaMarcus Aldridge', '27', 'PF', '27');
INSERT INTO nba_personnel (employee_id, employee_name, team_id, position_id, reports_to) VALUES ('160', ' Robin Lopez', '27', 'C', '27');
INSERT INTO nba_personnel (employee_id, employee_name, team_id, position_id, reports_to) VALUES ('161', ' Chris Kaman', '27', 'C', '27');
INSERT INTO nba_personnel (employee_id, employee_name, team_id, position_id, reports_to) VALUES ('162', ' Meyers Leonard', '27', 'C', '27');
INSERT INTO nba_personnel (employee_id, employee_name, team_id, position_id, reports_to) VALUES ('163', ' Joel Freeland', '27', 'C', '27');
INSERT INTO nba_personnel (employee_id, employee_name, team_id, position_id, reports_to) VALUES ('164', ' Kyle Lowry', '14', 'PG', '14');
INSERT INTO nba_personnel (employee_id, employee_name, team_id, position_id, reports_to) VALUES ('165', ' Greivis Vasquez', '14', 'SG', '14');
INSERT INTO nba_personnel (employee_id, employee_name, team_id, position_id, reports_to) VALUES ('166', ' Lou Williams', '14', 'SG', '14');
INSERT INTO nba_personnel (employee_id, employee_name, team_id, position_id, reports_to) VALUES ('167', ' Landry Fields', '14', 'SG', '14');
INSERT INTO nba_personnel (employee_id, employee_name, team_id, position_id, reports_to) VALUES ('168', ' DeMar DeRozan', '14', 'SF', '14');
INSERT INTO nba_personnel (employee_id, employee_name, team_id, position_id, reports_to) VALUES ('169', ' Terrence Ross', '14', 'SF', '14');
INSERT INTO nba_personnel (employee_id, employee_name, team_id, position_id, reports_to) VALUES ('170', ' James Johnson', '14', 'SF', '14');
INSERT INTO nba_personnel (employee_id, employee_name, team_id, position_id, reports_to) VALUES ('171', ' Bruno Caboclo', '14', 'SF', '14');
INSERT INTO nba_personnel (employee_id, employee_name, team_id, position_id, reports_to) VALUES ('172', ' Amir Johnson', '14', 'PF', '14');
INSERT INTO nba_personnel (employee_id, employee_name, team_id, position_id, reports_to) VALUES ('173', ' Patrick Patterson', '14', 'PF', '14');
INSERT INTO nba_personnel (employee_id, employee_name, team_id, position_id, reports_to) VALUES ('174', ' Tyler Hansbrough', '14', 'PF', '14');
INSERT INTO nba_personnel (employee_id, employee_name, team_id, position_id, reports_to) VALUES ('175', ' Jonas Valanciunas', '14', 'C', '14');
INSERT INTO nba_personnel (employee_id, employee_name, team_id, position_id, reports_to) VALUES ('176', ' Chuck Hayes', '14', 'C', '14');
INSERT INTO nba_personnel (employee_id, employee_name, team_id, position_id, reports_to) VALUES ('177', ' Greg Stiemsma', '14', 'C', '14');
INSERT INTO nba_personnel (employee_id, employee_name, team_id, position_id, reports_to) VALUES ('178', ' Lucas Nogueira', '14', 'C', '14');
INSERT INTO nba_personnel (employee_id, employee_name, team_id, position_id, reports_to) VALUES ('179', ' Jarrett Jack', '3', 'PG', '3');
INSERT INTO nba_personnel (employee_id, employee_name, team_id, position_id, reports_to) VALUES ('180', ' Deron Williams', '3', 'PG', '3');
INSERT INTO nba_personnel (employee_id, employee_name, team_id, position_id, reports_to) VALUES ('181', ' Darius Morris', '3', 'PG', '3');
INSERT INTO nba_personnel (employee_id, employee_name, team_id, position_id, reports_to) VALUES ('182', ' Joe Johnson', '3', 'SG', '3');
INSERT INTO nba_personnel (employee_id, employee_name, team_id, position_id, reports_to) VALUES ('183', ' Markel Brown', '3', 'SG', '3');
INSERT INTO nba_personnel (employee_id, employee_name, team_id, position_id, reports_to) VALUES ('184', ' Alan Anderson', '3', 'SF', '3');
INSERT INTO nba_personnel (employee_id, employee_name, team_id, position_id, reports_to) VALUES ('185', ' Bojan Bogdanovic', '3', 'SF', '3');
INSERT INTO nba_personnel (employee_id, employee_name, team_id, position_id, reports_to) VALUES ('186', ' Sergey Karasev', '3', 'SF', '3');
INSERT INTO nba_personnel (employee_id, employee_name, team_id, position_id, reports_to) VALUES ('187', ' Thaddeus Young', '3', 'PF', '3');
INSERT INTO nba_personnel (employee_id, employee_name, team_id, position_id, reports_to) VALUES ('188', ' Cory Jefferson', '3', 'PF', '3');
INSERT INTO nba_personnel (employee_id, employee_name, team_id, position_id, reports_to) VALUES ('189', ' Mirza Teletovic', '3', 'PF', '3');
INSERT INTO nba_personnel (employee_id, employee_name, team_id, position_id, reports_to) VALUES ('190', ' Mason Plumlee', '3', 'C', '3');
INSERT INTO nba_personnel (employee_id, employee_name, team_id, position_id, reports_to) VALUES ('191', ' Brook Lopez', '3', 'C', '3');
INSERT INTO nba_personnel (employee_id, employee_name, team_id, position_id, reports_to) VALUES ('192', ' Jerome Jordan', '3', 'C', '3');
INSERT INTO nba_personnel (employee_id, employee_name, team_id, position_id, reports_to) VALUES ('193', ' Derrick Rose', '5', 'PG', '5');
INSERT INTO nba_personnel (employee_id, employee_name, team_id, position_id, reports_to) VALUES ('194', ' Kirk Hinrich', '5', 'PG', '5');
INSERT INTO nba_personnel (employee_id, employee_name, team_id, position_id, reports_to) VALUES ('195', ' Aaron Brooks', '5', 'PG', '5');
INSERT INTO nba_personnel (employee_id, employee_name, team_id, position_id, reports_to) VALUES ('196', ' E'Twaun Moore', '5', 'PG', '5');
INSERT INTO nba_personnel (employee_id, employee_name, team_id, position_id, reports_to) VALUES ('197', ' Jimmy Butler', '5', 'SG', '5');
INSERT INTO nba_personnel (employee_id, employee_name, team_id, position_id, reports_to) VALUES ('198', ' Tony Snell', '5', 'SG', '5');
INSERT INTO nba_personnel (employee_id, employee_name, team_id, position_id, reports_to) VALUES ('199', ' Mike Dunleavy', '5', 'SF', '5');
INSERT INTO nba_personnel (employee_id, employee_name, team_id, position_id, reports_to) VALUES ('200', ' Doug McDermott', '5', 'SF', '5');
INSERT INTO nba_personnel (employee_id, employee_name, team_id, position_id, reports_to) VALUES ('201', ' Pau Gasol', '5', 'PF', '5');
INSERT INTO nba_personnel (employee_id, employee_name, team_id, position_id, reports_to) VALUES ('202', ' Taj Gibson', '5', 'PF', '5');
INSERT INTO nba_personnel (employee_id, employee_name, team_id, position_id, reports_to) VALUES ('203', ' Nikola Mirotic', '5', 'PF', '5');
INSERT INTO nba_personnel (employee_id, employee_name, team_id, position_id, reports_to) VALUES ('204', ' Cameron Bairstow', '5', 'PF', '5');
INSERT INTO nba_personnel (employee_id, employee_name, team_id, position_id, reports_to) VALUES ('205', ' Joakim Noah', '5', 'C', '5');
INSERT INTO nba_personnel (employee_id, employee_name, team_id, position_id, reports_to) VALUES ('206', ' Nazr Mohammed', '5', 'C', '5');
INSERT INTO nba_personnel (employee_id, employee_name, team_id, position_id, reports_to) VALUES ('207', ' Ty Lawson', '17', 'PG', '17');
INSERT INTO nba_personnel (employee_id, employee_name, team_id, position_id, reports_to) VALUES ('208', ' Jameer Nelson', '17', 'PG', '17');
INSERT INTO nba_personnel (employee_id, employee_name, team_id, position_id, reports_to) VALUES ('209', ' Randy Foye', '17', 'SG', '17');
INSERT INTO nba_personnel (employee_id, employee_name, team_id, position_id, reports_to) VALUES ('210', ' Will Barton', '17', 'SG', '17');
INSERT INTO nba_personnel (employee_id, employee_name, team_id, position_id, reports_to) VALUES ('211', ' Gary Harris', '17', 'SG', '17');
INSERT INTO nba_personnel (employee_id, employee_name, team_id, position_id, reports_to) VALUES ('212', ' Wilson Chandler', '17', 'SF', '17');
INSERT INTO nba_personnel (employee_id, employee_name, team_id, position_id, reports_to) VALUES ('213', ' Danilo Gallinari', '17', 'SF', '17');
INSERT INTO nba_personnel (employee_id, employee_name, team_id, position_id, reports_to) VALUES ('214', ' Victor Claver', '17', 'SF', '17');
INSERT INTO nba_personnel (employee_id, employee_name, team_id, position_id, reports_to) VALUES ('215', ' Kenneth Faried', '17', 'PF', '17');
INSERT INTO nba_personnel (employee_id, employee_name, team_id, position_id, reports_to) VALUES ('216', ' Darrell Arthur', '17', 'PF', '17');
INSERT INTO nba_personnel (employee_id, employee_name, team_id, position_id, reports_to) VALUES ('217', ' Jusuf Nurkic', '17', 'C', '17');
INSERT INTO nba_personnel (employee_id, employee_name, team_id, position_id, reports_to) VALUES ('218', 'JJ Hickson', '17', 'C', '17');
INSERT INTO nba_personnel (employee_id, employee_name, team_id, position_id, reports_to) VALUES ('219', ' Joffrey Lauvergne', '17', 'C', '17');
INSERT INTO nba_personnel (employee_id, employee_name, team_id, position_id, reports_to) VALUES ('220', ' Patrick Beverley', '19', 'PG', '19');
INSERT INTO nba_personnel (employee_id, employee_name, team_id, position_id, reports_to) VALUES ('221', ' Jason Terry', '19', 'PG', '19');
INSERT INTO nba_personnel (employee_id, employee_name, team_id, position_id, reports_to) VALUES ('222', ' James Harden', '19', 'SG', '19');
INSERT INTO nba_personnel (employee_id, employee_name, team_id, position_id, reports_to) VALUES ('223', ' Corey Brewer', '19', 'SG', '19');
INSERT INTO nba_personnel (employee_id, employee_name, team_id, position_id, reports_to) VALUES ('224', ' Pablo Prigioni', '19', 'SG', '19');
INSERT INTO nba_personnel (employee_id, employee_name, team_id, position_id, reports_to) VALUES ('225', ' Nick Johnson', '19', 'SG', '19');
INSERT INTO nba_personnel (employee_id, employee_name, team_id, position_id, reports_to) VALUES ('226', ' Trevor Ariza', '19', 'SF', '19');
INSERT INTO nba_personnel (employee_id, employee_name, team_id, position_id, reports_to) VALUES ('227', 'KJ McDaniels', '19', 'SF', '19');
INSERT INTO nba_personnel (employee_id, employee_name, team_id, position_id, reports_to) VALUES ('228', ' Kostas Papanikolaou', '19', 'SF', '19');
INSERT INTO nba_personnel (employee_id, employee_name, team_id, position_id, reports_to) VALUES ('229', ' Donatas Motiejunas', '19', 'PF', '19');
INSERT INTO nba_personnel (employee_id, employee_name, team_id, position_id, reports_to) VALUES ('230', ' Josh Smith', '19', 'PF', '19');
INSERT INTO nba_personnel (employee_id, employee_name, team_id, position_id, reports_to) VALUES ('231', ' Terrence Jones', '19', 'PF', '19');
INSERT INTO nba_personnel (employee_id, employee_name, team_id, position_id, reports_to) VALUES ('232', ' Dwight Howard', '19', 'C', '19');
INSERT INTO nba_personnel (employee_id, employee_name, team_id, position_id, reports_to) VALUES ('233', ' Joey Dorsey', '19', 'C', '19');
INSERT INTO nba_personnel (employee_id, employee_name, team_id, position_id, reports_to) VALUES ('234', ' Clint Capela', '19', 'C', '19');
INSERT INTO nba_personnel (employee_id, employee_name, team_id, position_id, reports_to) VALUES ('235', ' Jordan Clarkson', '21', 'PG', '21');
INSERT INTO nba_personnel (employee_id, employee_name, team_id, position_id, reports_to) VALUES ('236', ' Jeremy Lin', '21', 'PG', '21');
INSERT INTO nba_personnel (employee_id, employee_name, team_id, position_id, reports_to) VALUES ('237', ' Ronnie Price', '21', 'PG', '21');
INSERT INTO nba_personnel (employee_id, employee_name, team_id, position_id, reports_to) VALUES ('238', ' Steve Nash', '21', 'PG', '21');
INSERT INTO nba_personnel (employee_id, employee_name, team_id, position_id, reports_to) VALUES ('239', ' Wayne Ellington', '21', 'SG', '21');
INSERT INTO nba_personnel (employee_id, employee_name, team_id, position_id, reports_to) VALUES ('240', ' Nick Young', '21', 'SG', '21');
INSERT INTO nba_personnel (employee_id, employee_name, team_id, position_id, reports_to) VALUES ('241', ' Kobe Bryant', '21', 'SG', '21');
INSERT INTO nba_personnel (employee_id, employee_name, team_id, position_id, reports_to) VALUES ('242', ' Ryan Kelly', '21', 'SF', '21');
INSERT INTO nba_personnel (employee_id, employee_name, team_id, position_id, reports_to) VALUES ('243', ' Wes Johnson', '21', 'SF', '21');
INSERT INTO nba_personnel (employee_id, employee_name, team_id, position_id, reports_to) VALUES ('244', ' Tarik Black', '21', 'PF', '21');
INSERT INTO nba_personnel (employee_id, employee_name, team_id, position_id, reports_to) VALUES ('245', ' Carlos Boozer', '21', 'PF', '21');
INSERT INTO nba_personnel (employee_id, employee_name, team_id, position_id, reports_to) VALUES ('246', ' Ed Davis', '21', 'PF', '21');
INSERT INTO nba_personnel (employee_id, employee_name, team_id, position_id, reports_to) VALUES ('247', ' Julius Randle', '21', 'PF', '21');
INSERT INTO nba_personnel (employee_id, employee_name, team_id, position_id, reports_to) VALUES ('248', ' Robert Sacre', '21', 'C', '21');
INSERT INTO nba_personnel (employee_id, employee_name, team_id, position_id, reports_to) VALUES ('249', ' Jordan Hill', '21', 'C', '21');
INSERT INTO nba_personnel (employee_id, employee_name, team_id, position_id, reports_to) VALUES ('250', ' Ricky Rubio', '23', 'PG', '23');
INSERT INTO nba_personnel (employee_id, employee_name, team_id, position_id, reports_to) VALUES ('251', ' Zach LaVine', '23', 'PG', '23');
INSERT INTO nba_personnel (employee_id, employee_name, team_id, position_id, reports_to) VALUES ('252', ' Lorenzo Brown', '23', 'PG', '23');
INSERT INTO nba_personnel (employee_id, employee_name, team_id, position_id, reports_to) VALUES ('253', ' Kevin Martin', '23', 'SG', '23');
INSERT INTO nba_personnel (employee_id, employee_name, team_id, position_id, reports_to) VALUES ('254', ' Gary Neal', '23', 'SG', '23');
INSERT INTO nba_personnel (employee_id, employee_name, team_id, position_id, reports_to) VALUES ('255', ' Chase Budinger', '23', 'SG', '23');
INSERT INTO nba_personnel (employee_id, employee_name, team_id, position_id, reports_to) VALUES ('256', ' Andrew Wiggins', '23', 'SF', '23');
INSERT INTO nba_personnel (employee_id, employee_name, team_id, position_id, reports_to) VALUES ('257', ' Shabazz Muhammad', '23', 'SF', '23');
INSERT INTO nba_personnel (employee_id, employee_name, team_id, position_id, reports_to) VALUES ('258', ' Robbie Hummel', '23', 'SF', '23');
INSERT INTO nba_personnel (employee_id, employee_name, team_id, position_id, reports_to) VALUES ('259', ' Glenn Robinson III', '23', 'SF', '23');
INSERT INTO nba_personnel (employee_id, employee_name, team_id, position_id, reports_to) VALUES ('260', ' Gorgui Dieng', '23', 'PF', '23');
INSERT INTO nba_personnel (employee_id, employee_name, team_id, position_id, reports_to) VALUES ('261', ' Anthony Bennett', '23', 'PF', '23');
INSERT INTO nba_personnel (employee_id, employee_name, team_id, position_id, reports_to) VALUES ('262', ' Kevin Garnett', '23', 'PF', '23');
INSERT INTO nba_personnel (employee_id, employee_name, team_id, position_id, reports_to) VALUES ('263', ' Adreian Payne', '23', 'PF', '23');
INSERT INTO nba_personnel (employee_id, employee_name, team_id, position_id, reports_to) VALUES ('264', ' Nikola Pekovic', '23', 'C', '23');
INSERT INTO nba_personnel (employee_id, employee_name, team_id, position_id, reports_to) VALUES ('265', ' Jose Calderon', '11', 'PG', '11');
INSERT INTO nba_personnel (employee_id, employee_name, team_id, position_id, reports_to) VALUES ('266', ' Shane Larkin', '11', 'PG', '11');
INSERT INTO nba_personnel (employee_id, employee_name, team_id, position_id, reports_to) VALUES ('267', ' Langston Galloway', '11', 'SG', '11');
INSERT INTO nba_personnel (employee_id, employee_name, team_id, position_id, reports_to) VALUES ('268', ' Tim Hardaway Jr', '11', 'SG', '11');
INSERT INTO nba_personnel (employee_id, employee_name, team_id, position_id, reports_to) VALUES ('269', ' Alexey Shved', '11', 'SG', '11');
INSERT INTO nba_personnel (employee_id, employee_name, team_id, position_id, reports_to) VALUES ('270', ' Lance Thomas', '11', 'SF', '11');
INSERT INTO nba_personnel (employee_id, employee_name, team_id, position_id, reports_to) VALUES ('271', ' Cleanthony Early', '11', 'SF', '11');
INSERT INTO nba_personnel (employee_id, employee_name, team_id, position_id, reports_to) VALUES ('272', ' Carmelo Anthony', '11', 'SF', '11');
INSERT INTO nba_personnel (employee_id, employee_name, team_id, position_id, reports_to) VALUES ('273', ' Travis Wear', '11', 'PF', '11');
INSERT INTO nba_personnel (employee_id, employee_name, team_id, position_id, reports_to) VALUES ('274', ' Quincy Acy', '11', 'PF', '11');
INSERT INTO nba_personnel (employee_id, employee_name, team_id, position_id, reports_to) VALUES ('275', ' Andrea Bargnani', '11', 'PF', '11');
INSERT INTO nba_personnel (employee_id, employee_name, team_id, position_id, reports_to) VALUES ('276', ' Jason Smith', '11', 'C', '11');
INSERT INTO nba_personnel (employee_id, employee_name, team_id, position_id, reports_to) VALUES ('277', ' Louis Amundson', '11', 'C', '11');
INSERT INTO nba_personnel (employee_id, employee_name, team_id, position_id, reports_to) VALUES ('278', ' Cole Aldrich', '11', 'C', '11');
INSERT INTO nba_personnel (employee_id, employee_name, team_id, position_id, reports_to) VALUES ('279', ' Isaiah Canaan', '13', 'PG', '13');
INSERT INTO nba_personnel (employee_id, employee_name, team_id, position_id, reports_to) VALUES ('280', ' Tony Wroten', '13', 'PG', '13');
INSERT INTO nba_personnel (employee_id, employee_name, team_id, position_id, reports_to) VALUES ('281', ' Tim Frazier', '13', 'PG', '13');
INSERT INTO nba_personnel (employee_id, employee_name, team_id, position_id, reports_to) VALUES ('282', ' Robert Covington', '13', 'SG', '13');
INSERT INTO nba_personnel (employee_id, employee_name, team_id, position_id, reports_to) VALUES ('283', ' Hollis Thompson', '13', 'SG', '13');
INSERT INTO nba_personnel (employee_id, employee_name, team_id, position_id, reports_to) VALUES ('284', ' Luc Mbah a Moute', '13', 'SF', '13');
INSERT INTO nba_personnel (employee_id, employee_name, team_id, position_id, reports_to) VALUES ('285', ' JaKarr Sampson', '13', 'SF', '13');
INSERT INTO nba_personnel (employee_id, employee_name, team_id, position_id, reports_to) VALUES ('286', ' Jason Richardson', '13', 'SF', '13');
INSERT INTO nba_personnel (employee_id, employee_name, team_id, position_id, reports_to) VALUES ('287', ' Nerlens Noel', '13', 'PF', '13');
INSERT INTO nba_personnel (employee_id, employee_name, team_id, position_id, reports_to) VALUES ('288', ' Jerami Grant', '13', 'PF', '13');
INSERT INTO nba_personnel (employee_id, employee_name, team_id, position_id, reports_to) VALUES ('289', ' Malcolm Thomas', '13', 'PF', '13');
INSERT INTO nba_personnel (employee_id, employee_name, team_id, position_id, reports_to) VALUES ('290', ' Furkan Aldemir', '13', 'PF', '13');
INSERT INTO nba_personnel (employee_id, employee_name, team_id, position_id, reports_to) VALUES ('291', ' Henry Sims', '13', 'C', '13');
INSERT INTO nba_personnel (employee_id, employee_name, team_id, position_id, reports_to) VALUES ('292', ' JaVale McGee', '13', 'C', '13');
INSERT INTO nba_personnel (employee_id, employee_name, team_id, position_id, reports_to) VALUES ('293', ' Joel Embiid', '13', 'C', '13');
INSERT INTO nba_personnel (employee_id, employee_name, team_id, position_id, reports_to) VALUES ('294', ' Tony Parker', '29', 'PG', '29');
INSERT INTO nba_personnel (employee_id, employee_name, team_id, position_id, reports_to) VALUES ('295', ' Cory Joseph', '29', 'PG', '29');
INSERT INTO nba_personnel (employee_id, employee_name, team_id, position_id, reports_to) VALUES ('296', ' Patty Mills', '29', 'PG', '29');
INSERT INTO nba_personnel (employee_id, employee_name, team_id, position_id, reports_to) VALUES ('297', ' Danny Green', '29', 'SG', '29');
INSERT INTO nba_personnel (employee_id, employee_name, team_id, position_id, reports_to) VALUES ('298', ' Marco Belinelli', '29', 'SG', '29');
INSERT INTO nba_personnel (employee_id, employee_name, team_id, position_id, reports_to) VALUES ('299', ' Manu Ginobili', '29', 'SG', '29');
INSERT INTO nba_personnel (employee_id, employee_name, team_id, position_id, reports_to) VALUES ('300', ' Reggie Williams', '29', 'SG', '29');
INSERT INTO nba_personnel (employee_id, employee_name, team_id, position_id, reports_to) VALUES ('301', ' Kawhi Leonard', '29', 'SF', '29');
INSERT INTO nba_personnel (employee_id, employee_name, team_id, position_id, reports_to) VALUES ('302', ' Kyle Anderson', '29', 'SF', '29');
INSERT INTO nba_personnel (employee_id, employee_name, team_id, position_id, reports_to) VALUES ('303', ' Tim Duncan', '29', 'PF', '29');
INSERT INTO nba_personnel (employee_id, employee_name, team_id, position_id, reports_to) VALUES ('304', ' Boris Diaw', '29', 'PF', '29');
INSERT INTO nba_personnel (employee_id, employee_name, team_id, position_id, reports_to) VALUES ('305', ' Jeff Ayres', '29', 'PF', '29');
INSERT INTO nba_personnel (employee_id, employee_name, team_id, position_id, reports_to) VALUES ('306', ' Tiago Splitter', '29', 'C', '29');
INSERT INTO nba_personnel (employee_id, employee_name, team_id, position_id, reports_to) VALUES ('307', ' Matt Bonner', '29', 'C', '29');
INSERT INTO nba_personnel (employee_id, employee_name, team_id, position_id, reports_to) VALUES ('308', ' Aron Baynes', '29', 'C', '29');
INSERT INTO nba_personnel (employee_id, employee_name, team_id, position_id, reports_to) VALUES ('309', ' Dante Exum', '30', 'PG', '30');
INSERT INTO nba_personnel (employee_id, employee_name, team_id, position_id, reports_to) VALUES ('310', ' Trey Burke', '30', 'PG', '30');
INSERT INTO nba_personnel (employee_id, employee_name, team_id, position_id, reports_to) VALUES ('311', ' Joe Ingles', '30', 'SG', '30');
INSERT INTO nba_personnel (employee_id, employee_name, team_id, position_id, reports_to) VALUES ('312', ' Ian Clark', '30', 'SG', '30');
INSERT INTO nba_personnel (employee_id, employee_name, team_id, position_id, reports_to) VALUES ('313', ' Chris Johnson', '30', 'SG', '30');
INSERT INTO nba_personnel (employee_id, employee_name, team_id, position_id, reports_to) VALUES ('314', ' Carrick Felix', '30', 'SG', '30');
INSERT INTO nba_personnel (employee_id, employee_name, team_id, position_id, reports_to) VALUES ('315', ' Alec Burks', '30', 'SG', '30');
INSERT INTO nba_personnel (employee_id, employee_name, team_id, position_id, reports_to) VALUES ('316', ' Gordon Hayward', '30', 'SF', '30');
INSERT INTO nba_personnel (employee_id, employee_name, team_id, position_id, reports_to) VALUES ('317', ' Rodney Hood', '30', 'SF', '30');
INSERT INTO nba_personnel (employee_id, employee_name, team_id, position_id, reports_to) VALUES ('318', ' Elijah Millsap', '30', 'SF', '30');
INSERT INTO nba_personnel (employee_id, employee_name, team_id, position_id, reports_to) VALUES ('319', ' Derrick Favors', '30', 'PF', '30');
INSERT INTO nba_personnel (employee_id, employee_name, team_id, position_id, reports_to) VALUES ('320', ' Trevor Booker', '30', 'PF', '30');
INSERT INTO nba_personnel (employee_id, employee_name, team_id, position_id, reports_to) VALUES ('321', ' Jeremy Evans', '30', 'PF', '30');
INSERT INTO nba_personnel (employee_id, employee_name, team_id, position_id, reports_to) VALUES ('322', ' Grant Jerrett', '30', 'PF', '30');
INSERT INTO nba_personnel (employee_id, employee_name, team_id, position_id, reports_to) VALUES ('323', ' Rudy Gobert', '30', 'C', '30');
INSERT INTO nba_personnel (employee_id, employee_name, team_id, position_id, reports_to) VALUES ('324', ' Isaiah Thomas', '2', 'PG', '2');
INSERT INTO nba_personnel (employee_id, employee_name, team_id, position_id, reports_to) VALUES ('325', ' Marcus Smart', '2', 'PG', '2');
INSERT INTO nba_personnel (employee_id, employee_name, team_id, position_id, reports_to) VALUES ('326', ' Phil Pressey', '2', 'PG', '2');
INSERT INTO nba_personnel (employee_id, employee_name, team_id, position_id, reports_to) VALUES ('327', ' Avery Bradley', '2', 'SG', '2');
INSERT INTO nba_personnel (employee_id, employee_name, team_id, position_id, reports_to) VALUES ('328', ' Evan Turner', '2', 'SF', '2');
INSERT INTO nba_personnel (employee_id, employee_name, team_id, position_id, reports_to) VALUES ('329', ' Jae Crowder', '2', 'SF', '2');
INSERT INTO nba_personnel (employee_id, employee_name, team_id, position_id, reports_to) VALUES ('330', ' James Young', '2', 'SF', '2');
INSERT INTO nba_personnel (employee_id, employee_name, team_id, position_id, reports_to) VALUES ('331', ' Luigi Datome', '2', 'SF', '2');
INSERT INTO nba_personnel (employee_id, employee_name, team_id, position_id, reports_to) VALUES ('332', ' Gerald Wallace', '2', 'SF', '2');
INSERT INTO nba_personnel (employee_id, employee_name, team_id, position_id, reports_to) VALUES ('333', ' Jared Sullinger', '2', 'PF', '2');
INSERT INTO nba_personnel (employee_id, employee_name, team_id, position_id, reports_to) VALUES ('334', ' Brandon Bass', '2', 'PF', '2');
INSERT INTO nba_personnel (employee_id, employee_name, team_id, position_id, reports_to) VALUES ('335', ' Jonas Jerebko', '2', 'PF', '2');
INSERT INTO nba_personnel (employee_id, employee_name, team_id, position_id, reports_to) VALUES ('336', ' Shavlik Randolph', '2', 'PF', '2');
INSERT INTO nba_personnel (employee_id, employee_name, team_id, position_id, reports_to) VALUES ('337', ' Tyler Zeller', '2', 'C', '2');
INSERT INTO nba_personnel (employee_id, employee_name, team_id, position_id, reports_to) VALUES ('338', ' Kelly Olynyk', '2', 'C', '2');
INSERT INTO nba_personnel (employee_id, employee_name, team_id, position_id, reports_to) VALUES ('339', ' Kyrie Irving', '6', 'PG', '6');
INSERT INTO nba_personnel (employee_id, employee_name, team_id, position_id, reports_to) VALUES ('340', ' Matthew Dellavedova', '6', 'PG', '6');
INSERT INTO nba_personnel (employee_id, employee_name, team_id, position_id, reports_to) VALUES ('341', 'JR Smith', '6', 'SG', '6');
INSERT INTO nba_personnel (employee_id, employee_name, team_id, position_id, reports_to) VALUES ('342', ' Iman Shumpert', '6', 'SG', '6');
INSERT INTO nba_personnel (employee_id, employee_name, team_id, position_id, reports_to) VALUES ('343', ' Joe Harris', '6', 'SG', '6');
INSERT INTO nba_personnel (employee_id, employee_name, team_id, position_id, reports_to) VALUES ('344', ' James Jones', '6', 'SG', '6');
INSERT INTO nba_personnel (employee_id, employee_name, team_id, position_id, reports_to) VALUES ('345', ' LeBron James', '6', 'SF', '6');
INSERT INTO nba_personnel (employee_id, employee_name, team_id, position_id, reports_to) VALUES ('346', ' Shawn Marion', '6', 'SF', '6');
INSERT INTO nba_personnel (employee_id, employee_name, team_id, position_id, reports_to) VALUES ('347', ' Mike Miller', '6', 'SF', '6');
INSERT INTO nba_personnel (employee_id, employee_name, team_id, position_id, reports_to) VALUES ('348', ' Kevin Love', '6', 'PF', '6');
INSERT INTO nba_personnel (employee_id, employee_name, team_id, position_id, reports_to) VALUES ('349', ' Tristan Thompson', '6', 'PF', '6');
INSERT INTO nba_personnel (employee_id, employee_name, team_id, position_id, reports_to) VALUES ('350', ' Timofey Mozgov', '6', 'C', '6');
INSERT INTO nba_personnel (employee_id, employee_name, team_id, position_id, reports_to) VALUES ('351', ' Brendan Haywood', '6', 'C', '6');
INSERT INTO nba_personnel (employee_id, employee_name, team_id, position_id, reports_to) VALUES ('352', ' Kendrick Perkins', '6', 'C', '6');
INSERT INTO nba_personnel (employee_id, employee_name, team_id, position_id, reports_to) VALUES ('353', ' Anderson Varejao', '6', 'C', '6');
INSERT INTO nba_personnel (employee_id, employee_name, team_id, position_id, reports_to) VALUES ('354', ' Reggie Jackson', '7', 'PG', '7');
INSERT INTO nba_personnel (employee_id, employee_name, team_id, position_id, reports_to) VALUES ('355', ' Spencer Dinwiddie', '7', 'PG', '7');
INSERT INTO nba_personnel (employee_id, employee_name, team_id, position_id, reports_to) VALUES ('356', ' John Lucas', '7', 'PG', '7');
INSERT INTO nba_personnel (employee_id, employee_name, team_id, position_id, reports_to) VALUES ('357', ' Brandon Jennings', '7', 'PG', '7');
INSERT INTO nba_personnel (employee_id, employee_name, team_id, position_id, reports_to) VALUES ('358', ' Kentavious Caldwell-Pope', '7', 'SG', '7');
INSERT INTO nba_personnel (employee_id, employee_name, team_id, position_id, reports_to) VALUES ('359', ' Jodie Meeks', '7', 'SG', '7');
INSERT INTO nba_personnel (employee_id, employee_name, team_id, position_id, reports_to) VALUES ('360', ' Cartier Martin', '7', 'SG', '7');
INSERT INTO nba_personnel (employee_id, employee_name, team_id, position_id, reports_to) VALUES ('361', ' Caron Butler', '7', 'SF', '7');
INSERT INTO nba_personnel (employee_id, employee_name, team_id, position_id, reports_to) VALUES ('362', ' Tayshaun Prince', '7', 'SF', '7');
INSERT INTO nba_personnel (employee_id, employee_name, team_id, position_id, reports_to) VALUES ('363', ' Quincy Miller', '7', 'SF', '7');
INSERT INTO nba_personnel (employee_id, employee_name, team_id, position_id, reports_to) VALUES ('364', ' Greg Monroe', '7', 'PF', '7');
INSERT INTO nba_personnel (employee_id, employee_name, team_id, position_id, reports_to) VALUES ('365', ' Anthony Tolliver', '7', 'PF', '7');
INSERT INTO nba_personnel (employee_id, employee_name, team_id, position_id, reports_to) VALUES ('366', ' Andre Drummond', '7', 'C', '7');
INSERT INTO nba_personnel (employee_id, employee_name, team_id, position_id, reports_to) VALUES ('367', ' Joel Anthony', '7', 'C', '7');
INSERT INTO nba_personnel (employee_id, employee_name, team_id, position_id, reports_to) VALUES ('368', ' George Hill', '8', 'PG', '8');
INSERT INTO nba_personnel (employee_id, employee_name, team_id, position_id, reports_to) VALUES ('369', 'CJ Watson', '8', 'PG', '8');
INSERT INTO nba_personnel (employee_id, employee_name, team_id, position_id, reports_to) VALUES ('370', ' Donald Sloan', '8', 'PG', '8');
INSERT INTO nba_personnel (employee_id, employee_name, team_id, position_id, reports_to) VALUES ('371', ' Rodney Stuckey', '8', 'SG', '8');
INSERT INTO nba_personnel (employee_id, employee_name, team_id, position_id, reports_to) VALUES ('372', 'CJ Miles', '8', 'SG', '8');
INSERT INTO nba_personnel (employee_id, employee_name, team_id, position_id, reports_to) VALUES ('373', ' Paul George', '8', 'SF', '8');
INSERT INTO nba_personnel (employee_id, employee_name, team_id, position_id, reports_to) VALUES ('374', ' Solomon Hill', '8', 'SF', '8');
INSERT INTO nba_personnel (employee_id, employee_name, team_id, position_id, reports_to) VALUES ('375', ' Damjan Rudez', '8', 'SF', '8');
INSERT INTO nba_personnel (employee_id, employee_name, team_id, position_id, reports_to) VALUES ('376', ' David West', '8', 'PF', '8');
INSERT INTO nba_personnel (employee_id, employee_name, team_id, position_id, reports_to) VALUES ('377', ' Luis Scola', '8', 'PF', '8');
INSERT INTO nba_personnel (employee_id, employee_name, team_id, position_id, reports_to) VALUES ('378', ' Chris Copeland', '8', 'PF', '8');
INSERT INTO nba_personnel (employee_id, employee_name, team_id, position_id, reports_to) VALUES ('379', ' Roy Hibbert', '8', 'C', '8');
INSERT INTO nba_personnel (employee_id, employee_name, team_id, position_id, reports_to) VALUES ('380', ' Lavoy Allen', '8', 'C', '8');
INSERT INTO nba_personnel (employee_id, employee_name, team_id, position_id, reports_to) VALUES ('381', ' Ian Mahinmi', '8', 'C', '8');
INSERT INTO nba_personnel (employee_id, employee_name, team_id, position_id, reports_to) VALUES ('382', ' Shayne Whittington', '8', 'C', '8');
INSERT INTO nba_personnel (employee_id, employee_name, team_id, position_id, reports_to) VALUES ('383', ' Mike Conley', '22', 'PG', '22');
INSERT INTO nba_personnel (employee_id, employee_name, team_id, position_id, reports_to) VALUES ('384', ' Beno Udrih', '22', 'PG', '22');
INSERT INTO nba_personnel (employee_id, employee_name, team_id, position_id, reports_to) VALUES ('385', ' Nick Calathes', '22', 'PG', '22');
INSERT INTO nba_personnel (employee_id, employee_name, team_id, position_id, reports_to) VALUES ('386', ' Russ Smith', '22', 'PG', '22');
INSERT INTO nba_personnel (employee_id, employee_name, team_id, position_id, reports_to) VALUES ('387', ' Courtney Lee', '22', 'SG', '22');
INSERT INTO nba_personnel (employee_id, employee_name, team_id, position_id, reports_to) VALUES ('388', ' Vince Carter', '22', 'SG', '22');
INSERT INTO nba_personnel (employee_id, employee_name, team_id, position_id, reports_to) VALUES ('389', ' Jordan Adams', '22', 'SG', '22');
INSERT INTO nba_personnel (employee_id, employee_name, team_id, position_id, reports_to) VALUES ('390', ' Tony Allen', '22', 'SF', '22');
INSERT INTO nba_personnel (employee_id, employee_name, team_id, position_id, reports_to) VALUES ('391', ' Jeff Green', '22', 'SF', '22');
INSERT INTO nba_personnel (employee_id, employee_name, team_id, position_id, reports_to) VALUES ('392', ' Zach Randolph', '22', 'PF', '22');
INSERT INTO nba_personnel (employee_id, employee_name, team_id, position_id, reports_to) VALUES ('393', ' Jon Leuer', '22', 'PF', '22');
INSERT INTO nba_personnel (employee_id, employee_name, team_id, position_id, reports_to) VALUES ('394', ' Jarnell Stokes', '22', 'PF', '22');
INSERT INTO nba_personnel (employee_id, employee_name, team_id, position_id, reports_to) VALUES ('395', ' JaMychal Green', '22', 'PF', '22');
INSERT INTO nba_personnel (employee_id, employee_name, team_id, position_id, reports_to) VALUES ('396', ' Marc Gasol', '22', 'C', '22');
INSERT INTO nba_personnel (employee_id, employee_name, team_id, position_id, reports_to) VALUES ('397', ' Kosta Koufos', '22', 'C', '22');
INSERT INTO nba_personnel (employee_id, employee_name, team_id, position_id, reports_to) VALUES ('398', ' Michael Carter-Williams', '10', 'PG', '10');
INSERT INTO nba_personnel (employee_id, employee_name, team_id, position_id, reports_to) VALUES ('399', ' Jorge Gutierrez', '10', 'PG', '10');
INSERT INTO nba_personnel (employee_id, employee_name, team_id, position_id, reports_to) VALUES ('400', ' Tyler Ennis', '10', 'PG', '10');
INSERT INTO nba_personnel (employee_id, employee_name, team_id, position_id, reports_to) VALUES ('401', 'OJ Mayo', '10', 'SG', '10');
INSERT INTO nba_personnel (employee_id, employee_name, team_id, position_id, reports_to) VALUES ('402', ' Jared Dudley', '10', 'SG', '10');
INSERT INTO nba_personnel (employee_id, employee_name, team_id, position_id, reports_to) VALUES ('403', ' Jerryd Bayless', '10', 'SG', '10');
INSERT INTO nba_personnel (employee_id, employee_name, team_id, position_id, reports_to) VALUES ('404', ' Giannis Antetokounmpo', '10', 'SF', '10');
INSERT INTO nba_personnel (employee_id, employee_name, team_id, position_id, reports_to) VALUES ('405', ' Khris Middleton', '10', 'SF', '10');
INSERT INTO nba_personnel (employee_id, employee_name, team_id, position_id, reports_to) VALUES ('406', ' Damien Inglis', '10', 'SF', '10');
INSERT INTO nba_personnel (employee_id, employee_name, team_id, position_id, reports_to) VALUES ('407', ' John Henson', '10', 'PF', '10');
INSERT INTO nba_personnel (employee_id, employee_name, team_id, position_id, reports_to) VALUES ('408', ' Ersan Ilyasova', '10', 'PF', '10');
INSERT INTO nba_personnel (employee_id, employee_name, team_id, position_id, reports_to) VALUES ('409', ' Kenyon Martin', '10', 'PF', '10');
INSERT INTO nba_personnel (employee_id, employee_name, team_id, position_id, reports_to) VALUES ('410', ' Jabari Parker', '10', 'PF', '10');
INSERT INTO nba_personnel (employee_id, employee_name, team_id, position_id, reports_to) VALUES ('411', ' Zaza Pachulia', '10', 'C', '10');
INSERT INTO nba_personnel (employee_id, employee_name, team_id, position_id, reports_to) VALUES ('412', ' Miles Plumlee', '10', 'C', '10');
INSERT INTO nba_personnel (employee_id, employee_name, team_id, position_id, reports_to) VALUES ('413', ' Johnny OBryant', '10', 'C', '10');
INSERT INTO nba_personnel (employee_id, employee_name, team_id, position_id, reports_to) VALUES ('414', ' Russell Westbrook', '25', 'PG', '25');
INSERT INTO nba_personnel (employee_id, employee_name, team_id, position_id, reports_to) VALUES ('415', 'DJ Augustin', '25', 'PG', '25');
INSERT INTO nba_personnel (employee_id, employee_name, team_id, position_id, reports_to) VALUES ('416', ' Andre Roberson', '25', 'SG', '25');
INSERT INTO nba_personnel (employee_id, employee_name, team_id, position_id, reports_to) VALUES ('417', ' Dion Waiters', '25', 'SG', '25');
INSERT INTO nba_personnel (employee_id, employee_name, team_id, position_id, reports_to) VALUES ('418', ' Jeremy Lamb', '25', 'SG', '25');
INSERT INTO nba_personnel (employee_id, employee_name, team_id, position_id, reports_to) VALUES ('419', ' Kevin Durant', '25', 'SF', '25');
INSERT INTO nba_personnel (employee_id, employee_name, team_id, position_id, reports_to) VALUES ('420', ' Kyle Singler', '25', 'SF', '25');
INSERT INTO nba_personnel (employee_id, employee_name, team_id, position_id, reports_to) VALUES ('421', ' Anthony Morrow', '25', 'SF', '25');
INSERT INTO nba_personnel (employee_id, employee_name, team_id, position_id, reports_to) VALUES ('422', ' Steve Novak', '25', 'SF', '25');
INSERT INTO nba_personnel (employee_id, employee_name, team_id, position_id, reports_to) VALUES ('423', ' Perry Jones', '25', 'SF', '25');
INSERT INTO nba_personnel (employee_id, employee_name, team_id, position_id, reports_to) VALUES ('424', ' Serge Ibaka', '25', 'PF', '25');
INSERT INTO nba_personnel (employee_id, employee_name, team_id, position_id, reports_to) VALUES ('425', ' Enes Kanter', '25', 'PF', '25');
INSERT INTO nba_personnel (employee_id, employee_name, team_id, position_id, reports_to) VALUES ('426', ' Nick Collison', '25', 'PF', '25');
INSERT INTO nba_personnel (employee_id, employee_name, team_id, position_id, reports_to) VALUES ('427', ' Steven Adams', '25', 'C', '25');
INSERT INTO nba_personnel (employee_id, employee_name, team_id, position_id, reports_to) VALUES ('428', ' Mitch McGary', '25', 'C', '25');
INSERT INTO nba_personnel (employee_id, employee_name, team_id, position_id, reports_to) VALUES ('429', ' Brandon Knight', '26', 'PG', '26');
INSERT INTO nba_personnel (employee_id, employee_name, team_id, position_id, reports_to) VALUES ('430', ' Archie Goodwin', '26', 'PG', '26');
INSERT INTO nba_personnel (employee_id, employee_name, team_id, position_id, reports_to) VALUES ('431', ' Kendall Marshall', '26', 'PG', '26');
INSERT INTO nba_personnel (employee_id, employee_name, team_id, position_id, reports_to) VALUES ('432', ' Eric Bledsoe', '26', 'SG', '26');
INSERT INTO nba_personnel (employee_id, employee_name, team_id, position_id, reports_to) VALUES ('433', ' Gerald Green', '26', 'SG', '26');
INSERT INTO nba_personnel (employee_id, employee_name, team_id, position_id, reports_to) VALUES ('434', ' Marcus Thornton', '26', 'SG', '26');
INSERT INTO nba_personnel (employee_id, employee_name, team_id, position_id, reports_to) VALUES ('435', 'PJ Tucker', '26', 'SF', '26');
INSERT INTO nba_personnel (employee_id, employee_name, team_id, position_id, reports_to) VALUES ('436', ' Danny Granger', '26', 'SF', '26');
INSERT INTO nba_personnel (employee_id, employee_name, team_id, position_id, reports_to) VALUES ('437', ' Reggie Bullock', '26', 'SF', '26');
INSERT INTO nba_personnel (employee_id, employee_name, team_id, position_id, reports_to) VALUES ('438', ' John Salmons', '26', 'SF', '26');
INSERT INTO nba_personnel (employee_id, employee_name, team_id, position_id, reports_to) VALUES ('439', 'TJ Warren', '26', 'SF', '26');
INSERT INTO nba_personnel (employee_id, employee_name, team_id, position_id, reports_to) VALUES ('440', ' Markieff Morris', '26', 'PF', '26');
INSERT INTO nba_personnel (employee_id, employee_name, team_id, position_id, reports_to) VALUES ('441', ' Marcus Morris', '26', 'PF', '26');
INSERT INTO nba_personnel (employee_id, employee_name, team_id, position_id, reports_to) VALUES ('442', ' Alex Len', '26', 'C', '26');
INSERT INTO nba_personnel (employee_id, employee_name, team_id, position_id, reports_to) VALUES ('443', ' Brandan Wright', '26', 'C', '26');
INSERT INTO nba_personnel (employee_id, employee_name, team_id, position_id, reports_to) VALUES ('444', ' Earl Barron', '26', 'C', '26');
INSERT INTO nba_personnel (employee_id, employee_name, team_id, position_id, reports_to) VALUES ('445', ' Darren Collison', '28', 'PG', '28');
INSERT INTO nba_personnel (employee_id, employee_name, team_id, position_id, reports_to) VALUES ('446', ' Ray McCallum', '28', 'PG', '28');
INSERT INTO nba_personnel (employee_id, employee_name, team_id, position_id, reports_to) VALUES ('447', ' Andre Miller', '28', 'PG', '28');
INSERT INTO nba_personnel (employee_id, employee_name, team_id, position_id, reports_to) VALUES ('448', ' David Stockton', '28', 'PG', '28');
INSERT INTO nba_personnel (employee_id, employee_name, team_id, position_id, reports_to) VALUES ('449', ' Ben McLemore', '28', 'SG', '28');
INSERT INTO nba_personnel (employee_id, employee_name, team_id, position_id, reports_to) VALUES ('450', ' Nik Stauskas', '28', 'SG', '28');
INSERT INTO nba_personnel (employee_id, employee_name, team_id, position_id, reports_to) VALUES ('451', ' Rudy Gay', '28', 'SF', '28');
INSERT INTO nba_personnel (employee_id, employee_name, team_id, position_id, reports_to) VALUES ('452', ' Omri Casspi', '28', 'SF', '28');
INSERT INTO nba_personnel (employee_id, employee_name, team_id, position_id, reports_to) VALUES ('453', ' Jason Thompson', '28', 'PF', '28');
INSERT INTO nba_personnel (employee_id, employee_name, team_id, position_id, reports_to) VALUES ('454', ' Carl Landry', '28', 'PF', '28');
INSERT INTO nba_personnel (employee_id, employee_name, team_id, position_id, reports_to) VALUES ('455', ' Derrick Williams', '28', 'PF', '28');
INSERT INTO nba_personnel (employee_id, employee_name, team_id, position_id, reports_to) VALUES ('456', ' Reggie Evans', '28', 'PF', '28');
INSERT INTO nba_personnel (employee_id, employee_name, team_id, position_id, reports_to) VALUES ('457', ' Eric Moreland', '28', 'PF', '28');
INSERT INTO nba_personnel (employee_id, employee_name, team_id, position_id, reports_to) VALUES ('458', ' DeMarcus Cousins', '28', 'C', '28');
INSERT INTO nba_personnel (employee_id, employee_name, team_id, position_id, reports_to) VALUES ('459', ' Ryan Hollins', '28', 'C', '28');
INSERT INTO nba_personnel (employee_id, employee_name, team_id, position_id, reports_to) VALUES ('460', ' John Wall', '15', 'PG', '15');
INSERT INTO nba_personnel (employee_id, employee_name, team_id, position_id, reports_to) VALUES ('461', ' Ramon Sessions', '15', 'PG', '15');
INSERT INTO nba_personnel (employee_id, employee_name, team_id, position_id, reports_to) VALUES ('462', ' Garrett Temple', '15', 'PG', '15');
INSERT INTO nba_personnel (employee_id, employee_name, team_id, position_id, reports_to) VALUES ('463', ' Bradley Beal', '15', 'SG', '15');
INSERT INTO nba_personnel (employee_id, employee_name, team_id, position_id, reports_to) VALUES ('464', ' Rasual Butler', '15', 'SG', '15');
INSERT INTO nba_personnel (employee_id, employee_name, team_id, position_id, reports_to) VALUES ('465', ' Glen Rice Jr', '15', 'SG', '15');
INSERT INTO nba_personnel (employee_id, employee_name, team_id, position_id, reports_to) VALUES ('466', ' Martell Webster', '15', 'SG', '15');
INSERT INTO nba_personnel (employee_id, employee_name, team_id, position_id, reports_to) VALUES ('467', ' Paul Pierce', '15', 'SF', '15');
INSERT INTO nba_personnel (employee_id, employee_name, team_id, position_id, reports_to) VALUES ('468', ' Otto Porter', '15', 'SF', '15');
INSERT INTO nba_personnel (employee_id, employee_name, team_id, position_id, reports_to) VALUES ('469', ' Nene Hilario', '15', 'PF', '15');
INSERT INTO nba_personnel (employee_id, employee_name, team_id, position_id, reports_to) VALUES ('470', ' Kris Humphries', '15', 'PF', '15');
INSERT INTO nba_personnel (employee_id, employee_name, team_id, position_id, reports_to) VALUES ('471', ' Drew Gooden', '15', 'PF', '15');
INSERT INTO nba_personnel (employee_id, employee_name, team_id, position_id, reports_to) VALUES ('472', ' Marcin Gortat', '15', 'C', '15');
INSERT INTO nba_personnel (employee_id, employee_name, team_id, position_id, reports_to) VALUES ('473', ' Kevin Seraphin', '15', 'C', '15');
INSERT INTO nba_personnel (employee_id, employee_name, team_id, position_id, reports_to) VALUES ('474', ' DeJuan Blair', '15', 'C', '15');

select * from nba_personnel;
select * from positions;
select * from team;
commit;
